{"cameraMode":{"drawMode":0,"name":"Shaded","section":"Shading Mode"},"sceneLighting":true,"audioPlay":false,"sceneViewState":{"showFog":true,"showMaterialUpdate":false,"showSkybox":true,"showFlares":true,"showImageEffects":true,"showParticleSystems":true,"showVisualEffectGraphs":true,"m_FxEnabled":true},"in2DMode":false,"pivot":{"x":8.800091743469239,"y":-21.094970703125,"z":31.641345977783204},"rotation":{"x":0.42750123143196108,"y":0.024403341114521028,"z":-0.011545591987669468,"w":0.9036144018173218},"size":39.694950103759769,"orthographic":false}