{"cameraMode":{"drawMode":0,"name":"Shaded","section":"Shading Mode"},"sceneLighting":true,"audioPlay":false,"sceneViewState":{"showFog":true,"showMaterialUpdate":false,"showSkybox":true,"showFlares":true,"showImageEffects":true,"showParticleSystems":true,"showVisualEffectGraphs":true,"m_FxEnabled":true},"in2DMode":false,"pivot":{"x":0.4916713237762451,"y":-0.021224260330200197,"z":0.4952518939971924},"rotation":{"x":-0.2825067341327667,"y":0.30979081988334658,"z":-0.09695416688919068,"w":-0.9026747941970825},"size":1.430525541305542,"orthographic":false}