{"cameraMode":{"drawMode":0,"name":"Shaded","section":"Shading Mode"},"sceneLighting":true,"audioPlay":false,"sceneViewState":{"showFog":true,"showMaterialUpdate":false,"showSkybox":true,"showFlares":true,"showImageEffects":true,"showParticleSystems":true,"showVisualEffectGraphs":true,"m_FxEnabled":true},"in2DMode":false,"pivot":{"x":21.800661087036134,"y":-89.59002685546875,"z":103.45854949951172},"rotation":{"x":0.3860152065753937,"y":0.0011075177462771536,"z":-0.0004675072559621185,"w":0.9225154519081116},"size":90.78319549560547,"orthographic":false}