{"cameraMode":{"drawMode":0,"name":"Shaded","section":"Shading Mode"},"sceneLighting":true,"audioPlay":false,"sceneViewState":{"showFog":true,"showMaterialUpdate":false,"showSkybox":true,"showFlares":true,"showImageEffects":true,"showParticleSystems":true,"showVisualEffectGraphs":true,"m_FxEnabled":true},"in2DMode":false,"pivot":{"x":13.089303016662598,"y":3.754199981689453,"z":-3.5414466857910158},"rotation":{"x":-0.37353014945983889,"y":-0.0008394135511480272,"z":0.00033389838063158095,"w":-0.9276241064071655},"size":16.632949829101564,"orthographic":false}