{"cameraMode":{"drawMode":0,"name":"Shaded","section":"Shading Mode"},"sceneLighting":true,"audioPlay":false,"sceneViewState":{"showFog":true,"showMaterialUpdate":false,"showSkybox":true,"showFlares":true,"showImageEffects":true,"showParticleSystems":true,"showVisualEffectGraphs":true,"m_FxEnabled":true},"in2DMode":false,"pivot":{"x":11.168133735656739,"y":4.770256042480469,"z":-1.2993268966674805},"rotation":{"x":-0.44467511773109438,"y":0.0018762489780783654,"z":-0.0009357380913570523,"w":-0.8956964612007141},"size":22.63514518737793,"orthographic":false}