{"cameraMode":{"drawMode":0,"name":"Shaded","section":"Shading Mode"},"sceneLighting":true,"audioPlay":false,"sceneViewState":{"showFog":true,"showMaterialUpdate":false,"showSkybox":true,"showFlares":true,"showImageEffects":true,"showParticleSystems":true,"showVisualEffectGraphs":true,"m_FxEnabled":true},"in2DMode":false,"pivot":{"x":6.900876045227051,"y":5.658596038818359,"z":-2.6309871673583986},"rotation":{"x":-0.29552608728408816,"y":-0.04240356758236885,"z":0.013127235695719719,"w":-0.9543088674545288},"size":15.355291366577149,"orthographic":false}