{"cameraMode":{"drawMode":0,"name":"Shaded","section":"Shading Mode"},"sceneLighting":true,"audioPlay":false,"sceneViewState":{"showFog":true,"showMaterialUpdate":false,"showSkybox":true,"showFlares":true,"showImageEffects":true,"showParticleSystems":true,"showVisualEffectGraphs":true,"m_FxEnabled":true},"in2DMode":false,"pivot":{"x":1.6878852844238282,"y":-12.059192657470704,"z":28.00986099243164},"rotation":{"x":0.41786256432533266,"y":-0.006266727112233639,"z":0.0028816794510930778,"w":0.9084909558296204},"size":44.42118453979492,"orthographic":false}